Variance,Skewness,Curtosis,Entropy,Class,Color
2.6718,5.6574,0.72974,-1.4892,0.0,green
-0.49948,1.7734,-2.2469,-0.68104,1.0,red
-1.7064,3.3088,-2.2829,-2.1978,1.0,red
0.88444,6.5906,0.55837,-0.44182,0.0,green
-4.7331,-6.1789,11.388,-1.0741,1.0,red
3.4985,3.1639,0.22677,-0.1651,0.0,green
-1.6386,3.3584,-1.7302,-3.5646,1.0,red
-6.1536,7.9295,0.61663,-3.2646,1.0,red
4.6014,5.6264,-2.1235,0.19309,0.0,green
3.9362,10.1622,-3.8235,-4.0172,0.0,green
0.14783,7.946,1.0742,-3.3409,0.0,green
-2.5899,-0.3911,0.93452,0.42972,1.0,red
1.0652,8.3682,-1.4004,-1.6509,0.0,green
-1.3414,-2.0776,2.8093,0.60688,1.0,red
-3.8894,-7.8322,9.8208,0.47498,1.0,red
-2.0631,-1.5147,1.219,0.44524,1.0,red
-4.211,-12.4736,14.9704,-1.3884,1.0,red
-3.793,-12.7095,12.7957,-2.825,1.0,red
4.616,10.1788,-4.2185,-4.4245,0.0,green
0.65497,5.1815,1.0673,-0.42113,0.0,green
2.0139,6.1416,0.37929,0.56938,0.0,green
-0.8172,3.3812,-3.6684,-3.456,1.0,red
0.54777,10.3754,-1.5435,-4.1633,0.0,green
1.3114,4.5462,2.2935,0.22541,0.0,green
-1.8782,-6.5865,4.8486,-0.021566,1.0,red
-0.53072,-0.097265,-0.21793,1.0426,1.0,red
5.3063,5.2684,-2.8904,-0.52716,0.0,green
0.3292,-4.4552,4.5718,-0.9888,0.0,green
0.86816,10.2429,-1.4912,-4.0082,0.0,green
-2.0545,-10.8679,9.4926,-1.4116,1.0,red
1.0284,9.767,-1.3687,-1.7853,0.0,green
-2.2804,-0.30626,1.3347,1.3763,1.0,red
4.2969,7.617,-2.3874,-0.96164,0.0,green
0.5706,-0.0248,1.2421,-0.5621,0.0,green
-2.2482,3.0915,-2.3969,-2.6711,1.0,red
3.7831,10.0526,-3.8869,-3.7366,0.0,green
3.2351,9.647,-3.2074,-2.5948,0.0,green
-2.456,-0.24418,1.4041,-0.45863,1.0,red
0.83625,1.1071,-2.4706,-0.062945,1.0,red
-6.7526,8.8172,-0.061983,-3.725,1.0,red
-2.8957,-12.0205,11.9149,-2.7552,1.0,red
5.1129,-0.49871,0.62863,1.1189,0.0,green
-1.9423,0.3766,-1.2898,-0.82458,1.0,red
-2.2811,-0.85669,2.7185,0.044382,1.0,red
-2.5701,-6.8452,8.9999,2.1353,1.0,red
1.7331,3.9544,-4.7412,-2.5017,1.0,red
-2.3361,11.9604,3.0835,-5.4435,0.0,green
0.92703,9.4318,-0.66263,-1.6728,0.0,green
-1.749,-6.332,6.0987,0.14266,1.0,red
4.2188,6.8162,-1.2804,0.76076,0.0,green
0.33565,6.8369,0.69718,-0.55691,0.0,green
-3.0201,-0.67253,2.7056,0.85774,1.0,red
-3.2238,2.7935,0.32274,-0.86078,1.0,red
1.1644,3.8095,-4.9408,-4.0909,1.0,red
1.2138,8.7986,-2.1672,-0.74182,0.0,green
-1.8219,-6.8824,5.4681,0.057313,1.0,red
3.4805,9.7008,-3.7541,-3.4379,0.0,green
4.1038,-4.8069,3.3491,-0.49225,0.0,green
4.0446,11.1741,-4.3582,-4.7401,0.0,green
3.9899,-2.7066,2.3946,0.86291,0.0,green
-3.38,-0.7077,2.5325,0.71808,1.0,red
-6.9599,8.9931,0.2182,-4.572,1.0,red
-1.6637,3.2881,-2.2701,-2.2224,1.0,red
-5.637,8.1261,0.13081,-5.0142,1.0,red
-1.6662,-0.30005,1.4238,0.024986,1.0,red
5.1776,8.2316,-3.2511,-1.5694,0.0,green
0.6005,0.99945,-2.2126,0.097399,1.0,red
2.877,-4.0599,3.6259,-0.32544,0.0,green
0.24261,0.57318,-1.9402,0.44007,1.0,red
-2.3518,-4.8359,6.6479,-0.060358,1.0,red
-0.95923,0.091039,6.2204,-1.4828,0.0,green
-2.286,-5.4484,5.8039,0.88231,1.0,red
-2.5373,-6.959,8.8054,1.5289,1.0,red
4.0632,3.584,0.72545,0.39481,0.0,green
-6.0598,9.2952,-0.43642,-6.3694,1.0,red
3.9262,6.0299,-2.0156,-0.065531,0.0,green
0.96574,8.393,-1.361,-1.4659,0.0,green
-2.8267,-9.0407,9.0694,-0.98233,1.0,red
-2.0754,1.2767,-0.64206,-1.2642,1.0,red
2.8561,6.9176,-0.79372,0.48403,0.0,green
-1.5055,0.070346,6.8681,-0.50648,0.0,green
-3.9172,2.6652,0.78886,-0.7819,1.0,red
3.4642,10.6878,-3.4071,-4.109,0.0,green
-3.7181,-8.5089,12.363,-0.95518,1.0,red
-0.11783,-1.5789,8.03,-0.028031,0.0,green
3.5458,9.3718,-4.0351,-3.9564,0.0,green
-0.41645,0.32487,-0.33617,-0.36036,1.0,red
-0.36038,4.1158,3.1143,-0.37199,0.0,green
-2.0759,10.8223,2.6439,-4.837,0.0,green
5.7353,5.2808,-2.2598,0.075416,0.0,green
0.88992,2.2638,-3.1046,-0.11855,1.0,red
2.9421,7.4101,-0.97709,-0.88406,0.0,green
4.3848,-3.0729,3.0423,1.2741,0.0,green
-1.7344,2.0175,7.7618,0.93532,0.0,green
-4.4996,3.4288,0.56265,-1.1672,1.0,red
0.27331,4.8773,-4.9194,-5.8198,1.0,red
1.8373,6.1292,0.84027,0.55257,0.0,green
1.2279,4.0309,-4.6435,-3.9125,1.0,red
-1.3995,-1.9162,2.5154,0.59912,1.0,red
-4.3773,-5.5167,10.939,-0.4082,1.0,red
1.1315,7.9212,1.093,-2.8444,0.0,green
0.89512,4.7738,-4.8431,-5.5909,1.0,red
3.5862,-3.0957,2.8093,0.24481,0.0,green
-4.4018,-12.9371,15.6559,-1.6806,1.0,red
5.504,10.3671,-4.413,-4.0211,0.0,green
-0.71494,-4.4448,2.2241,0.49826,1.0,red
-1.7781,0.8546,7.1303,0.027572,0.0,green
2.6946,6.7976,-0.40301,0.44912,0.0,green
0.5195,-3.2633,3.0895,-0.9849,0.0,green
3.7818,-2.8846,2.2558,-0.15734,0.0,green
-4.5531,-12.5854,15.4417,-1.4983,1.0,red
-0.016103,9.7484,0.15394,-1.6134,0.0,green
3.577,2.4004,1.8908,0.73231,0.0,green
2.0843,6.6258,0.48382,-2.2134,0.0,green
3.5288,0.71596,1.9507,1.9375,0.0,green
3.8832,6.4023,-2.432,-0.98363,0.0,green
3.4246,-0.14693,0.80342,0.29136,0.0,green
-1.9922,11.6542,2.6542,-5.2107,0.0,green
2.3917,4.5565,-4.9888,-2.8987,1.0,red
-0.17296,-1.1816,1.3818,0.7336,1.0,red
5.807,5.0097,-2.2384,0.43878,0.0,green
0.94225,5.8561,1.8762,-0.32544,0.0,green
1.6799,4.2068,-4.5398,-2.3931,1.0,red
5.0214,8.0764,-3.0515,-1.7155,0.0,green
1.3087,4.9228,2.0013,0.22024,0.0,green
-5.4901,9.1048,-0.38758,-5.9763,1.0,red
-2.4198,-0.24418,0.70146,0.41809,1.0,red
5.7403,-0.44284,0.38015,1.3763,0.0,green
3.5761,9.7753,-3.9795,-3.4638,0.0,green
0.24835,7.6439,0.9885,-0.87371,0.0,green
-2.8833,1.7713,0.68946,-0.4638,1.0,red
2.2546,8.0992,-0.24877,-3.2698,0.0,green
1.6849,8.7489,-1.2641,-1.3858,0.0,green
-0.048008,-0.56078,7.7215,0.453,0.0,green
-2.5665,-6.8824,7.5416,0.70774,1.0,red
-3.8858,-12.8461,12.7957,-3.1353,1.0,red
-1.5621,-2.2121,4.2591,0.27972,1.0,red
-3.4917,-12.1736,14.3689,-0.61639,1.0,red
0.55298,-3.4619,1.7048,1.1008,1.0,red
4.1927,-3.2674,2.5839,0.21766,0.0,green
1.5268,-5.5871,8.6564,-1.722,0.0,green
3.8999,1.734,1.6011,0.96765,0.0,green
0.52855,0.96427,4.0243,-1.0483,0.0,green
-3.0,-9.1566,9.5766,-0.73018,1.0,red
2.2526,9.9636,-3.1749,-2.9944,0.0,green
-1.6244,-6.3444,4.6575,0.16981,1.0,red
4.1425,-3.6792,3.8281,1.6297,0.0,green
-2.9146,4.0537,-0.45699,-4.0327,1.0,red
-0.24745,1.9368,-2.4697,-0.80518,1.0,red
0.89606,10.5471,-1.4175,-4.0327,0.0,green
0.5706,-0.024841,1.2421,-0.56208,0.0,green
-2.7264,3.9213,-0.49212,-3.6371,1.0,red
3.9364,10.5885,-3.725,-4.3133,0.0,green
0.74054,0.36625,2.1992,0.48403,0.0,green
-0.87874,-2.2121,-0.051701,0.099985,1.0,red
5.2032,3.5116,-1.2538,1.0129,0.0,green
-4.8861,7.0542,-0.17252,-6.959,1.0,red
-1.8387,-6.301,5.6506,0.19567,1.0,red
3.3951,1.1484,2.1401,2.0862,0.0,green
0.5415,6.0319,1.6825,-0.46122,0.0,green
-0.94255,0.039307,-0.24192,0.31593,1.0,red
1.1676,9.1566,-2.0867,-0.80647,0.0,green
1.4884,3.6274,3.308,0.48921,0.0,green
-3.4605,2.6901,0.16165,-1.0224,1.0,red
-1.2424,-1.7175,-0.52553,-0.21036,1.0,red
2.5989,3.5178,0.7623,0.81119,0.0,green
-4.1958,-8.1819,12.1291,-1.6017,1.0,red
2.4527,2.9653,0.20021,-0.056479,0.0,green
1.8384,6.063,0.54723,0.51248,0.0,green
2.5503,-4.9518,6.3729,-0.41596,0.0,green
4.8278,7.7598,-2.4491,-1.2216,0.0,green
0.1848,6.5079,2.0133,-0.87242,0.0,green
-1.7549,-0.080711,-0.75774,-0.3707,1.0,red
6.5633,9.8187,-4.4113,-3.2258,0.0,green
2.6104,8.0081,-0.23592,-1.7608,0.0,green
-0.092194,0.39315,-0.32846,-0.13794,1.0,red
3.9292,-2.9156,2.2129,0.30817,0.0,green
-2.7028,1.6327,0.83598,-0.091393,1.0,red
3.0009,5.8126,-2.2306,-0.66553,0.0,green
-2.0897,10.8265,2.3603,-3.4198,0.0,green
2.4012,1.6223,3.0312,0.71679,0.0,green
-0.82601,2.9611,-1.2864,-1.4647,1.0,red
-2.565,-5.7899,6.0122,0.046968,1.0,red
-2.258,-9.3263,9.3727,-0.85949,1.0,red
-1.979,3.2301,-1.3575,-2.5819,1.0,red
-1.6641,-1.3678,1.997,0.52283,1.0,red
1.5904,2.2121,-3.1183,-0.11725,1.0,red
0.86736,5.5643,1.6765,-0.16769,0.0,green
0.5195,-3.2633,3.0895,-0.9849,0.0,green
4.988,7.2052,-3.2846,-1.1608,0.0,green
1.9358,8.1654,-0.023425,-2.2586,0.0,green
-0.9607,2.6963,-3.1226,-1.3121,1.0,red
-0.16108,-6.4624,8.3573,-1.5216,0.0,green
-0.30432,2.6528,-2.7756,-0.65647,1.0,red
1.2746,8.8172,-1.5323,-1.7957,0.0,green
2.4008,9.3593,-3.3565,-3.3526,0.0,green
1.162,10.2926,-1.2821,-4.0392,0.0,green
5.2756,0.13863,0.12138,1.1435,0.0,green
-4.8554,-5.9037,10.9818,-0.82199,1.0,red
-1.2667,2.8183,-2.426,-1.8862,1.0,red
-2.2623,12.1177,0.28846,-7.7581,0.0,green
3.6941,-3.9482,4.2625,1.1577,0.0,green
0.030219,-1.0512,1.4024,0.77369,1.0,red
0.5706,-0.0248,1.2421,-0.5621,0.0,green
4.7114,2.0755,-0.2702,1.2379,0.0,green
5.2012,0.32694,0.17965,1.1797,0.0,green
-0.95923,-6.7128,4.9857,0.32886,1.0,red
5.4021,3.1039,-1.1536,1.5651,0.0,green
-0.40804,0.54214,-0.52725,0.6586,1.0,red
1.5673,7.9274,-0.056842,-2.1694,0.0,green
2.9163,10.8306,-3.3437,-4.122,0.0,green
1.2309,3.8923,-4.8277,-4.0069,1.0,red
2.0007,1.8644,2.6491,0.47369,0.0,green
-2.659,-1.6058,1.3647,0.16464,1.0,red
-0.36025,-4.449,2.1067,0.94308,1.0,red
3.9102,6.065,-2.4534,-0.68234,0.0,green
0.50225,0.65388,-1.1793,0.39998,1.0,red
-1.9551,-6.9756,5.5383,-0.12889,1.0,red
4.7965,6.9859,-1.9967,-0.35001,0.0,green
1.9647,6.9383,0.57722,0.66377,0.0,green
4.6464,10.5326,-4.5852,-4.206,0.0,green
2.1274,5.1939,-1.7971,-1.1763,0.0,green
4.3846,-4.8794,3.3662,-0.029324,0.0,green
2.3678,-6.839,8.4207,-0.44829,0.0,green
3.8027,0.81529,2.1041,1.0245,0.0,green
-1.9458,11.2217,1.9079,-3.4405,0.0,green
-2.1059,1.1815,-0.53324,-0.82716,1.0,red
-0.70346,2.957,-3.5947,-3.1457,1.0,red
4.2475,1.4816,-0.48355,0.95343,0.0,green
5.2868,3.257,-1.3721,1.1668,0.0,green
-2.3898,-0.78427,3.0141,0.76205,1.0,red
-3.8953,4.0392,-0.3019,-2.1836,1.0,red
-2.341,12.3784,0.70403,-7.5836,0.0,green
-0.3489,3.1929,-3.4054,-3.1832,1.0,red
-0.29858,2.4769,-2.9512,-0.66165,1.0,red
-4.1244,3.7909,-0.6532,-4.1802,1.0,red
-3.5681,-8.213,10.083,0.96765,1.0,red
5.0691,0.21313,0.20278,1.2095,0.0,green
-3.1423,-13.0365,15.6773,-0.66165,1.0,red
1.7452,4.8028,2.0878,0.62627,0.0,green
3.0948,8.7324,-2.9007,-0.96682,0.0,green
0.5195,-3.2633,3.0895,-0.9849,0.0,green
-1.5228,-6.4789,5.7568,0.87325,1.0,red
-2.0891,-0.48422,1.704,1.7435,1.0,red
2.8261,9.4007,-3.3034,-1.0509,0.0,green
-0.76794,3.4598,-3.4405,-3.4276,1.0,red
-3.8053,2.4273,0.6809,-1.0871,1.0,red
3.1896,5.7526,-0.18537,-0.30087,0.0,green
0.77124,9.0862,-1.2281,-1.4996,0.0,green
-3.73,-12.9723,12.9817,-2.684,1.0,red
-4.2333,4.9166,-0.49212,-5.3207,1.0,red
3.6922,-3.9585,4.3439,1.3517,0.0,green
0.91315,3.3377,-4.0557,-1.6741,1.0,red
-2.4953,11.1472,1.9353,-3.4638,0.0,green
-3.7747,2.5162,0.83341,-0.30993,1.0,red
-4.5046,-5.8126,10.8867,-0.52846,1.0,red
0.66018,10.3878,-1.4029,-3.9151,0.0,green
1.7496,-0.1759,5.1827,1.2922,0.0,green
0.7376,4.8525,-4.7986,-5.6659,1.0,red
4.6689,1.3098,0.055404,1.909,0.0,green
1.6472,0.48213,4.7449,1.225,0.0,green
-0.81479,-5.7381,4.3919,0.3211,1.0,red
2.6799,3.1349,0.34073,0.58489,0.0,green
-0.89542,2.0279,-2.3652,-1.2746,1.0,red
-0.70867,-5.5602,4.0483,0.903,1.0,red
-1.1391,1.8127,6.9144,0.70127,0.0,green
1.5701,7.9129,0.29018,-2.1953,0.0,green
1.3349,6.1189,0.46497,0.49826,0.0,green
-1.6706,-2.09,1.584,0.71162,1.0,red
0.3223,-0.89808,8.0883,0.69222,0.0,green
2.0466,2.03,2.1761,-0.083634,0.0,green
-1.4427,3.2922,-1.9702,-3.4392,1.0,red
-4.4775,-13.0303,17.0834,-3.0345,1.0,red
2.1721,-0.73874,5.4672,-0.72371,0.0,green
3.4465,2.9508,1.0271,0.5461,0.0,green
-0.71868,-5.7154,3.8298,1.0233,1.0,red
-1.8629,-0.84841,2.5377,0.097399,1.0,red
2.549,6.1499,-1.1605,-1.2371,0.0,green
-0.28696,3.1784,-3.5767,-3.1896,1.0,red
1.518,5.6946,0.094818,-0.026738,0.0,green
1.4378,0.66837,-2.0267,1.0271,1.0,red
1.4501,3.6067,-4.0557,-1.5966,1.0,red
-1.6952,1.0657,8.8294,0.94955,0.0,green
0.3292,-4.4552,4.5718,-0.9888,0.0,green
3.82,10.9279,-4.0112,-5.0284,0.0,green
-0.28015,3.0729,-3.3857,-2.9155,1.0,red
-2.4824,-7.3046,6.839,-0.59053,1.0,red
1.5514,3.8013,-4.9143,-3.7483,1.0,red
2.1752,-0.8091,5.1022,-0.67975,0.0,green
1.2247,8.7779,-2.2135,-0.80647,0.0,green
3.7982,10.423,-4.1602,-4.9728,0.0,green
2.9736,8.7944,-3.6359,-1.3754,0.0,green
0.22432,-0.52147,-0.40386,1.2017,1.0,red
4.0972,0.46972,1.6671,0.91593,0.0,green
2.031,1.852,-3.0121,0.003003,1.0,red
5.4188,10.1457,-4.084,-3.6991,0.0,green
0.062525,2.9301,-3.5467,-2.6737,1.0,red
3.534,9.3614,-3.6316,-1.2461,0.0,green
2.7213,7.05,-0.58808,0.41809,0.0,green
-0.33729,-0.64976,7.6659,0.72326,0.0,green
-1.6176,1.0926,-0.35502,-0.59958,1.0,red
2.9719,6.8369,-0.2702,0.71291,0.0,green
3.1377,-4.1096,4.5701,0.98963,0.0,green
-1.3885,12.5026,0.69118,-7.5487,0.0,green
4.9362,7.6046,-2.3429,-0.85302,0.0,green
-3.1128,-6.841,10.7402,-1.0172,1.0,red
0.95626,2.4728,4.4578,0.21636,0.0,green
2.6917,10.8161,-3.3,-4.2888,0.0,green
-0.40951,-0.15521,0.060545,-0.088807,1.0,red
0.89566,7.7763,-2.7473,-1.9353,0.0,green
5.6272,10.0857,-4.2931,-3.8142,0.0,green
-2.588,3.8654,-0.3336,-1.2797,1.0,red
0.96788,7.1907,1.2798,-2.4565,0.0,green
0.0040545,0.62905,-0.64121,0.75817,1.0,red
3.7791,2.5762,1.3098,0.5655,0.0,green
-0.11996,6.8741,0.91995,-0.6694,0.0,green
-0.036127,1.525,-1.4089,-0.76121,1.0,red
-1.0292,-6.3879,5.5255,0.79955,1.0,red
3.6277,0.9829,0.68861,0.63403,0.0,green
3.4566,9.5228,-4.0112,-3.5944,0.0,green
-5.119,6.6486,-0.049987,-6.5206,1.0,red
3.9479,-3.7723,2.883,0.019813,0.0,green
3.0672,-4.4117,3.8238,-0.81682,0.0,green
-3.506,-12.5667,15.1606,-0.75216,1.0,red
1.9157,6.0816,0.23705,-2.0116,0.0,green
-5.0477,-5.8023,11.244,-0.3901,1.0,red
-1.2568,-1.4733,2.8718,0.44653,1.0,red
3.6244,1.4609,1.3501,1.9284,0.0,green
0.040498,8.5234,1.4461,-3.9306,0.0,green
-1.8076,-8.8131,8.7086,-0.21682,1.0,red
1.6988,2.9094,2.9044,0.11033,0.0,green
-3.8167,5.1401,-0.65063,-5.4306,1.0,red
-0.10234,1.8189,-2.2169,-0.56725,1.0,red
-1.7279,-6.841,8.9494,0.68058,1.0,red
-1.5681,-7.2446,6.5537,-0.1276,1.0,red
1.0552,1.1857,-2.6411,0.11033,1.0,red
-0.23356,3.2405,-3.0669,-2.7784,1.0,red
0.26517,2.4066,-2.8416,-0.59958,1.0,red
-6.1632,8.7096,-0.21621,-3.6345,1.0,red
1.9105,8.871,-2.3386,-0.75604,0.0,green
-0.98193,2.7956,-1.2341,-1.5668,1.0,red
3.9121,2.9735,0.92852,0.60558,0.0,green
-5.525,6.3258,0.89768,-6.6241,1.0,red
-0.2951,9.0489,-0.52725,-2.0789,0.0,green
-3.3793,-13.7731,17.9274,-2.0323,1.0,red
-1.6162,0.80908,8.1628,0.60817,0.0,green
0.6005,1.9327,-3.2888,-0.32415,1.0,red
0.30081,0.17381,-1.7542,0.48921,1.0,red
4.6361,-2.6611,2.8358,1.1991,0.0,green
-4.2932,3.3419,0.77258,-0.99785,1.0,red
4.8272,3.0687,0.68604,0.80731,0.0,green
-2.9786,2.3445,0.52667,-0.40173,1.0,red
2.2279,4.0951,-4.8037,-2.1112,1.0,red
-4.3967,4.9601,-0.64892,-5.4719,1.0,red
0.57461,10.1105,-1.6917,-4.3922,0.0,green
-2.902,-7.6563,11.8318,-0.84268,1.0,red
3.5257,1.2829,1.9276,1.7991,0.0,green
5.6084,10.3009,-4.8003,-4.3534,0.0,green
4.1542,7.2756,-2.4766,-1.2099,0.0,green
0.17346,7.8695,0.26876,-3.7883,0.0,green
3.2403,-3.7082,5.2804,0.41291,0.0,green
1.2572,4.8731,-5.2861,-5.8741,1.0,red
2.6648,10.754,-3.3994,-4.1685,0.0,green
-1.8391,-9.0883,9.2416,-0.10432,1.0,red
4.3365,-3.584,3.6884,0.74912,0.0,green
2.5227,2.2369,2.7236,0.79438,0.0,green
-0.60254,1.7237,-2.1501,-0.77027,1.0,red
2.5581,2.6218,1.8513,0.40257,0.0,green
-1.0112,2.9984,-1.1664,-1.6185,1.0,red
1.8799,2.4707,2.4931,0.37671,0.0,green
-2.0962,-7.1059,6.6188,-0.33708,1.0,red
0.051979,7.0521,-2.0541,-3.1508,0.0,green
0.88298,0.66009,6.0096,-0.43277,0.0,green
-1.7322,-9.2828,7.719,-1.7168,1.0,red
0.46901,-0.63321,7.3848,0.36507,0.0,green
5.0429,-0.52974,0.50439,1.106,0.0,green
2.7206,9.0821,-3.3111,-0.96811,0.0,green
3.8023,-3.8696,4.044,0.95343,0.0,green
1.7939,-1.1174,1.5454,-0.26079,0.0,green
-1.6029,-0.38903,1.62,1.9103,1.0,red
-4.3876,-7.7267,11.9655,-1.4543,1.0,red
5.7823,5.5788,-2.4089,-0.056479,0.0,green
2.7296,2.8701,0.51124,0.5099,0.0,green
-3.6817,3.2239,-0.69347,-3.4004,1.0,red
5.2423,11.0272,-4.353,-4.1013,0.0,green
3.7767,9.7794,-3.9075,-3.5323,0.0,green
1.742,-4.809,8.2142,-2.0659,0.0,green
1.6408,4.2503,-4.9023,-2.6621,1.0,red
-3.2854,4.0372,-0.45356,-1.8228,1.0,red
-3.1366,0.42212,2.6225,-0.064238,1.0,red
3.8244,-3.1081,2.4537,0.52024,0.0,green
-2.2918,-7.257,7.9597,0.9211,1.0,red
-0.37013,-5.554,4.7749,1.547,1.0,red
2.483,6.6155,-0.79287,-0.90863,0.0,green
1.4578,-0.08485,4.1785,0.59136,0.0,green
3.5127,2.9073,1.0579,0.40774,0.0,green
2.4287,9.3821,-3.2477,-1.4543,0.0,green
0.2952,4.8856,-5.149,-6.2323,1.0,red
1.9476,-4.7738,8.527,-1.8668,0.0,green
-1.5951,-6.572,4.7689,-0.94354,1.0,red
-1.3907,-1.3781,2.3055,-0.021566,1.0,red
0.80355,2.8473,4.3439,0.6017,0.0,green
-1.4446,2.1438,-0.47241,-1.6677,1.0,red
2.2504,3.5757,0.35273,0.2836,0.0,green
-2.8391,-6.63,10.4849,-0.42113,1.0,red
-2.7419,11.4038,2.5394,-5.5793,0.0,green
1.2198,2.0982,-3.1954,0.12843,1.0,red
1.8993,7.6625,0.15394,-3.1108,0.0,green
2.2928,9.0386,-3.2417,-1.2991,0.0,green
0.3798,0.7098,0.7572,-0.4444,0.0,green
2.8523,9.0096,-3.761,-3.3371,0.0,green
0.85574,0.0082678,6.6042,-0.53104,0.0,green
-0.49241,0.89392,-1.6283,-0.56854,1.0,red
-2.1652,3.0211,-2.4132,-2.4241,1.0,red
-1.4375,-1.8624,4.026,0.55127,1.0,red
1.105,7.4432,0.41099,-3.0332,0.0,green
5.8782,5.9409,-2.8544,-0.60863,0.0,green
5.0617,-0.35799,0.44698,0.99868,0.0,green
1.6426,3.0149,0.22849,-0.147,0.0,green
-1.4454,-8.4385,8.8483,0.96894,1.0,red
-0.13144,-1.7775,8.3316,0.35214,0.0,green
0.39559,6.8866,1.0588,-0.67587,0.0,green
2.4486,-6.3175,7.9632,0.20602,0.0,green
6.0919,2.9673,-1.3267,1.4551,0.0,green
3.2692,3.4184,0.20706,-0.066824,0.0,green
0.50813,0.47799,-1.9804,0.57714,1.0,red
-1.6514,-8.4985,9.1122,1.2379,1.0,red
-0.49081,2.8452,-3.6436,-3.1004,1.0,red
-0.69572,8.6165,1.8419,-4.3289,0.0,green
1.4806,7.6377,-2.7876,-1.0341,0.0,green
2.2091,7.4556,-1.3284,-3.3021,0.0,green
0.0071249,8.3661,0.50781,-3.8155,0.0,green
-4.1479,7.1225,-0.083404,-6.4172,1.0,red
1.7748,-0.76978,5.5854,1.3039,0.0,green
4.9249,0.68906,0.77344,1.2095,0.0,green
3.6289,0.81322,1.6277,0.77627,0.0,green
-2.4365,3.6026,-1.4166,-2.8948,1.0,red
-0.8471,3.1329,-3.0112,-2.9388,1.0,red
4.0026,-3.5943,3.5573,0.26809,0.0,green
-5.3012,7.3915,0.029699,-7.3987,1.0,red
2.1881,2.7356,1.3278,-0.1832,0.0,green
-4.0679,2.4955,0.79571,-1.1039,1.0,red
0.25943,5.0097,-5.0394,-6.3862,1.0,red
-2.2214,-0.23798,0.56008,0.05602,1.0,red
3.8117,10.1457,-4.0463,-4.5629,0.0,green
2.8297,6.3485,-0.73546,-0.58665,0.0,green
3.5189,6.332,-1.7791,-0.020273,0.0,green
-4.8426,-4.9932,10.4052,-0.53104,1.0,red
-2.4554,-9.0407,8.862,-0.86983,1.0,red
-2.1668,1.5933,0.045122,-1.678,1.0,red
0.049175,6.1437,1.7828,-0.72113,0.0,green
-1.6001,-9.5828,9.4044,0.081882,1.0,red
1.581,0.86909,-2.3138,0.82412,1.0,red
1.3562,3.2136,4.3465,0.78662,0.0,green
-0.4294,-0.14693,0.044265,-0.15605,1.0,red
2.2517,-5.1422,4.2916,-1.2487,0.0,green
0.90407,3.3708,-4.4987,-3.6965,1.0,red
4.0296,2.6756,0.80685,0.71679,0.0,green
-4.2091,4.7283,-0.49126,-5.2159,1.0,red
5.438,9.4669,-4.9417,-3.9202,0.0,green
-2.234,-7.0314,7.4936,0.61334,1.0,red
4.9264,5.496,-2.4774,-0.50648,0.0,green
0.83292,7.5404,0.65005,-0.92544,0.0,green
-1.8356,-6.7562,5.0585,-0.55044,1.0,red
-0.96511,9.4111,1.7305,-4.8629,0.0,green
-1.7479,-5.823,5.8699,1.212,1.0,red
5.591,10.4643,-4.3839,-4.3379,0.0,green
-1.0116,-0.19038,-0.90597,0.003003,1.0,red
2.3729,10.4726,-3.0087,-3.2013,0.0,green
5.0297,-4.9704,3.5025,-0.23751,0.0,green
0.77805,6.6424,-1.1425,-1.0573,0.0,green
0.96441,5.8395,2.3235,0.066365,0.0,green
-1.8448,1.254,0.27218,-1.0728,1.0,red
-3.7503,-13.4586,17.5932,-2.7771,1.0,red
-0.21661,8.0329,1.8848,-3.8853,0.0,green
4.4682,2.2907,0.95766,0.83058,0.0,green
0.98296,3.4226,-3.9692,-1.7116,1.0,red
-5.4414,7.2363,0.10938,-7.5642,1.0,red
2.7391,7.4018,0.071684,-2.5302,0.0,green
2.2123,-5.8395,7.7687,-0.85302,0.0,green
-2.1234,1.1815,-0.55552,-0.81165,1.0,red
1.5478,9.1814,-1.6326,-1.7375,0.0,green
1.5631,0.89599,-1.9702,0.65472,1.0,red
1.4276,8.3847,-2.0995,-1.9677,0.0,green
0.38478,6.5989,-0.3336,-0.56466,0.0,green
-2.6864,-0.097265,0.61663,0.061192,1.0,red
3.6582,5.6864,-1.7157,-0.23751,0.0,green
0.32924,-4.4552,4.5718,-0.9888,0.0,green
2.1616,-6.8804,8.1517,-0.081048,0.0,green
0.74841,7.2756,1.1504,-0.5388,0.0,green
4.1665,-0.4449,0.23448,0.27843,0.0,green
1.8114,7.6067,-0.9788,-2.4668,0.0,green
4.7181,10.0153,-3.9486,-3.8582,0.0,green
0.7049,0.17174,-1.7859,0.36119,1.0,red
2.5678,3.5136,0.61406,-0.40691,0.0,green
0.44125,2.9487,4.3225,0.7155,0.0,green
4.5707,7.2094,-3.2794,-1.4944,0.0,green
2.5068,1.1588,3.9249,0.12585,0.0,green
1.3234,3.2964,0.2362,-0.11984,0.0,green
-1.4628,-1.5706,2.4357,0.49826,1.0,red
4.4295,-2.3507,1.7048,0.90946,0.0,green
-3.5637,-8.3827,12.393,-1.2823,1.0,red
0.63655,5.2022,-5.2159,-6.1211,1.0,red
-1.1188,3.3357,-1.3455,-1.9573,1.0,red
0.025013,3.3998,-4.4327,-4.2655,1.0,red
-6.7387,6.9879,0.67833,-7.5887,1.0,red
0.61652,3.8944,-4.7275,-4.3948,1.0,red
1.4479,-4.8794,8.3428,-2.1086,0.0,green
2.108,6.7955,-0.1708,0.4905,0.0,green
-4.3667,6.0692,0.57208,-5.4668,1.0,red
4.5459,8.1674,-2.4586,-1.4621,0.0,green
1.0194,1.1029,-2.3,0.59395,1.0,red
0.3292,-4.4552,4.5718,-0.9888,0.0,green
-6.5773,6.8017,0.85483,-7.5344,1.0,red
3.9994,0.90427,1.1693,1.6892,0.0,green
3.6181,-3.7454,2.8273,-0.71208,0.0,green
2.5328,7.528,-0.41929,-2.6478,0.0,green
4.1757,10.2615,-3.8552,-4.3056,0.0,green
-0.87834,3.257,-3.6778,-3.2944,1.0,red
2.093,8.3061,0.022844,-3.2724,0.0,green
-1.48,-10.5244,9.9176,-0.5026,1.0,red
3.9663,10.1684,-4.1131,-4.6056,0.0,green
3.8962,-4.7904,3.3954,-0.53751,0.0,green
1.3451,0.23589,-1.8785,1.3258,1.0,red
-1.6936,2.7852,-2.1835,-1.9276,1.0,red
3.4669,6.87,-1.0568,-0.73147,0.0,green
-2.8829,3.8964,-0.1888,-1.1672,1.0,red
3.9382,0.9291,0.78543,0.6767,0.0,green
5.8862,5.8747,-2.8167,-0.30087,0.0,green
-1.005,0.084831,-0.2462,0.45688,1.0,red
-2.5463,3.1101,-0.83228,-3.0358,1.0,red
3.5499,8.6165,-3.2794,-1.2009,0.0,green
-0.77995,3.2322,-3.282,-3.1004,1.0,red
-1.7886,-6.3486,5.6154,0.42584,1.0,red
4.0422,-4.391,4.7466,1.137,0.0,green
-1.8584,7.886,-1.6643,-1.8384,0.0,green
-2.4604,12.7302,0.91738,-7.6418,0.0,green
4.4338,9.887,-4.6795,-3.7483,0.0,green
1.0009,7.7846,-0.28219,-2.6608,0.0,green
-2.7723,3.2777,-0.9351,-3.1457,1.0,red
-1.4217,11.6542,-0.057699,-7.1025,0.0,green
4.1349,6.1189,-2.4294,-0.19613,0.0,green
3.884,10.0277,-3.9298,-4.0819,0.0,green
1.9321,6.0423,0.26019,-2.053,0.0,green
-1.239,-6.541,4.8151,-0.033204,1.0,red
-3.9698,3.6812,-0.60008,-4.0133,1.0,red
3.744,0.79459,0.95851,1.0077,0.0,green
0.3798,0.7098,0.7572,-0.4444,0.0,green
-4.1429,2.7749,0.68261,-0.71984,1.0,red
-2.0046,-0.49457,1.333,1.6543,1.0,red
-1.4106,-7.108,5.6454,0.31335,1.0,red
-3.6053,-5.974,10.0916,-0.82846,1.0,red
-3.6085,3.3253,-0.51954,-3.5737,1.0,red
-2.799,1.9679,-0.42357,-2.1125,1.0,red
-3.0061,-12.2377,11.9552,-2.1603,1.0,red
3.3299,0.91254,1.5806,0.39352,0.0,green
-1.9881,0.99945,-0.28562,-0.70044,1.0,red
1.0191,2.33,4.9334,0.82929,0.0,green
-2.3242,11.5176,1.8231,-5.375,0.0,green
4.1197,-2.7956,2.0707,0.67412,0.0,green
-4.2887,-7.8633,11.8387,-1.8978,1.0,red
2.2596,-0.033118,4.7355,-0.2776,0.0,green
4.8265,0.80287,1.6371,1.1875,0.0,green
4.0552,0.40143,1.4563,0.65343,0.0,green
-2.5912,-0.10554,1.2798,1.0414,1.0,red
-3.5741,3.944,-0.07912,-2.1203,1.0,red
0.51947,-3.2633,3.0895,-0.98492,0.0,green
4.5691,-4.4552,3.1769,0.0042961,0.0,green
1.9818,9.2621,-3.521,-1.872,0.0,green
3.3583,10.3567,-3.7301,-3.6991,0.0,green
-3.3458,-0.50491,2.6328,0.53705,1.0,red
3.7935,7.9853,-2.5477,-1.872,0.0,green
1.934,-9.2828e-06,4.816,-0.33967,0.0,green
-2.5961,-9.349,9.7942,-0.28018,1.0,red
-0.82053,0.65181,-0.48869,-0.52716,1.0,red
1.1432,-3.7413,5.5777,-0.63578,0.0,green
0.96708,3.8426,-4.9314,-4.1323,1.0,red
-1.5322,-5.0966,6.6779,0.17498,1.0,red
4.0127,10.1477,-3.9366,-4.0728,0.0,green
5.3586,3.7557,-1.7345,1.0789,0.0,green
3.1541,-5.1711,6.5991,0.57455,0.0,green
3.4916,8.5709,-3.0326,-0.59182,0.0,green
5.8519,5.3905,-2.4037,-0.061652,0.0,green
-0.12196,8.8068,0.94566,-4.2267,0.0,green
3.0242,-3.3378,2.5865,-0.54785,0.0,green
0.37984,0.70975,0.75716,-0.44441,0.0,green
4.8906,-3.3584,3.4202,1.0905,0.0,green
2.8084,11.3045,-3.3394,-4.4194,0.0,green
-1.3,10.2678,-2.953,-5.8638,0.0,green
2.0421,1.2436,4.2171,0.90429,0.0,green
-0.27802,8.1881,-3.1338,-2.5276,0.0,green
3.8846,-3.0336,2.5334,0.20214,0.0,green
3.0934,-2.9177,2.2232,0.22283,0.0,green
1.5077,1.9596,-3.0584,-0.12243,1.0,red
-3.5801,-12.9309,13.1779,-2.5677,1.0,red
1.0182,9.109,-0.62064,-1.7129,0.0,green
4.0215,-2.1914,2.4648,1.1409,0.0,green
-1.3612,10.694,1.7022,-2.9026,0.0,green
1.0987,0.6394,5.989,-0.58277,0.0,green
-2.1786,-6.4479,6.0344,-0.20777,1.0,red
-0.69745,-1.7672,-0.34474,-0.12372,1.0,red
-1.0941,2.3072,-2.5237,-1.4453,1.0,red
-0.49281,3.0605,-1.8356,-2.834,1.0,red
-0.21888,-2.2038,-0.0954,0.56421,1.0,red
-0.52645,-0.24832,-0.45613,0.41938,1.0,red
-0.2062,9.2207,-3.7044,-6.8103,0.0,green
0.59823,3.5012,-3.9795,-1.7841,1.0,red
4.6765,-3.3895,3.4896,1.4771,0.0,green
4.1529,-3.9358,2.8633,-0.017686,0.0,green
-1.3066,0.25244,0.7623,1.7758,1.0,red
3.7352,9.5911,-3.9032,-3.3487,0.0,green
3.3848,3.2674,0.90967,0.25128,0.0,green
2.4235,9.5332,-3.0789,-2.7746,0.0,green
-1.8439,-8.6475,7.6796,-0.66682,1.0,red
-2.2617,-4.7428,6.3489,0.11162,1.0,red
2.8521,9.171,-3.6461,-1.2047,0.0,green
-1.5252,-6.2534,5.3524,0.59912,1.0,red
-0.55355,-7.9233,6.7156,0.74394,1.0,red
-1.7599,11.9211,2.6756,-3.3241,0.0,green
0.12326,8.9848,-0.9351,-2.4332,0.0,green
-1.8584,7.886,-1.6643,-1.8384,0.0,green
-0.2062,9.2207,-3.7044,-6.8103,0.0,green
-4.577,3.4515,0.66719,-0.94742,1.0,red
-0.69879,-3.3771,4.1211,1.5043,1.0,red
4.6562,7.6398,-2.4243,-1.2384,0.0,green
-3.3884,-8.215,10.3315,0.98187,1.0,red
1.2616,4.4303,-1.3335,-1.7517,0.0,green
0.11806,0.39108,-0.98223,0.42843,1.0,red
3.8213,0.23175,2.0133,2.0564,0.0,green
-2.484,12.1611,2.8204,-3.7418,0.0,green
0.19081,9.1297,-3.725,-5.8224,0.0,green
4.1605,11.2196,-3.6136,-4.0819,0.0,green
5.3915,9.9946,-3.8081,-3.3642,0.0,green
1.3049,-0.15521,6.4911,-0.75346,0.0,green
-0.41965,2.9094,-1.7859,-2.2069,1.0,red
-2.9915,-6.6258,8.6521,1.8198,1.0,red
-1.5075,1.9224,7.1466,0.89136,0.0,green
-2.0529,3.8385,-0.79544,-1.2138,1.0,red
-2.0659,1.0512,-0.46298,-1.0974,1.0,red
-0.278,8.1881,-3.1338,-2.5276,0.0,green
-1.7104,-4.778,6.2109,0.3974,1.0,red
3.4893,6.69,-1.2042,-0.38751,0.0,green
0.11686,3.735,-4.4379,-4.3741,1.0,red
0.77765,5.9781,1.1941,-0.3526,0.0,green
-0.023579,7.1742,0.78457,-0.75734,0.0,green
4.9294,0.27727,0.20792,0.33662,0.0,green
2.9543,1.076,0.64577,0.89394,0.0,green
4.65,-4.8297,3.4553,-0.25174,0.0,green
0.4283,-0.94981,-1.0731,0.3211,1.0,red
4.2406,-2.4852,1.608,0.7155,0.0,green
4.2027,0.22761,0.96108,0.97282,0.0,green
-3.9204,4.0723,-0.23678,-2.1151,1.0,red
-4.4779,7.3708,-0.31218,-6.7754,1.0,red
-2.1405,-0.16762,1.321,-0.20906,1.0,red
-3.518,2.8763,0.1548,-1.2086,1.0,red
-0.89809,-4.4862,2.2009,0.50731,1.0,red
-2.2083,-9.1069,8.9991,-0.28406,1.0,red
-4.0214,-12.8006,15.6199,-0.95647,1.0,red
-0.0068919,9.2931,-0.41243,-1.9638,0.0,green
-1.8974,3.5074,-1.7842,-3.8491,1.0,red
-5.4808,8.1819,0.27818,-5.0323,1.0,red
0.93611,8.6413,-1.6351,-1.3043,0.0,green
-3.0799,0.60836,2.7039,-0.23751,1.0,red
-0.24811,-0.17797,4.9068,0.15429,0.0,green
3.9232,-3.2467,3.4579,0.83705,0.0,green
-3.9594,4.0289,-0.35845,-3.8957,1.0,red
-2.3211,3.166,-1.0002,-2.7151,1.0,red
-0.539,-5.167,3.4399,0.052141,1.0,red
-0.071503,3.7412,-4.5415,-4.2526,1.0,red
4.1736,3.3336,-1.4244,0.60429,0.0,green
3.5156,10.1891,-4.2759,-4.978,0.0,green
0.518,0.25865,-0.84085,0.96118,1.0,red
4.8451,8.1116,-2.9512,-1.4724,0.0,green
-5.1216,-5.3118,10.3846,-1.0612,1.0,red
4.5597,-2.4211,2.6413,1.6168,0.0,green
-2.121,-0.05588,1.949,1.353,1.0,red
3.8644,3.7061,0.70403,0.35214,0.0,green
4.0713,10.4023,-4.1722,-4.7582,0.0,green
2.614,8.0081,-3.7258,-1.3069,0.0,green
-5.0676,-5.1877,10.4266,-0.86725,1.0,red
-0.1269,-1.1505,-0.95138,0.57843,1.0,red
4.068,-2.9363,2.1992,0.50084,0.0,green
1.602,6.1251,0.52924,0.47886,0.0,green
3.7321,-3.884,3.3577,-0.0060486,0.0,green
3.4663,1.1112,1.7425,1.3388,0.0,green
-1.5222,10.8409,2.7827,-4.0974,0.0,green
